{
  "root_group": {
    "groups": {},
    "checks": {},
    "name": "",
    "path": "",
    "id": "d41d8cd98f00b204e9800998ecf8427e"
  },
  "metrics": {
    "http_req_tls_handshaking": {
      "avg": 237.941,
      "min": 237.941,
      "med": 237.941,
      "max": 237.941,
      "p(90)": 237.941,
      "p(95)": 237.941
    },
    "data_received": {
      "count": 16973,
      "rate": 9092.141160942096
    },
    "http_req_duration": {
      "avg": 249.052,
      "min": 249.052,
      "med": 249.052,
      "max": 249.052,
      "p(90)": 249.052,
      "p(95)": 249.052
    },
    "data_sent": {
      "count": 442,
      "rate": 236.77171938587202
    },
    "iterations": {
      "count": 1,
      "rate": 0.5356826230449593
    },
    "http_req_waiting": {
      "avg": 248.225,
      "min": 248.225,
      "med": 248.225,
      "max": 248.225,
      "p(90)": 248.225,
      "p(95)": 248.225
    },
    "http_req_connecting": {
      "p(95)": 212.878,
      "avg": 212.878,
      "min": 212.878,
      "med": 212.878,
      "max": 212.878,
      "p(90)": 212.878
    },
    "iteration_duration": {
      "max": 1866.400292,
      "p(90)": 1866.400292,
      "p(95)": 1866.400292,
      "avg": 1866.400292,
      "min": 1866.400292,
      "med": 1866.400292
    },
    "http_req_duration{expected_response:true}": {
      "min": 249.052,
      "med": 249.052,
      "max": 249.052,
      "p(90)": 249.052,
      "p(95)": 249.052,
      "avg": 249.052
    },
    "http_req_sending": {
      "max": 0.499,
      "p(90)": 0.499,
      "p(95)": 0.499,
      "avg": 0.499,
      "min": 0.499,
      "med": 0.499
    },
    "http_req_failed": {
      "passes": 0,
      "fails": 1,
      "value": 0
    },
    "vus_max": {
      "value": 1,
      "min": 1,
      "max": 1
    },
    "http_reqs": {
      "count": 1,
      "rate": 0.5356826230449593
    },
    "vus": {
      "value": 1,
      "min": 1,
      "max": 1
    },
    "http_req_blocked": {
      "avg": 613.678,
      "min": 613.678,
      "med": 613.678,
      "max": 613.678,
      "p(90)": 613.678,
      "p(95)": 613.678
    },
    "http_req_receiving": {
      "avg": 0.328,
      "min": 0.328,
      "med": 0.328,
      "max": 0.328,
      "p(90)": 0.328,
      "p(95)": 0.328
    }
  }
}
